,Accuracy,Precision,Recall,F1 Score
Logistic Regression,0.939,0.9391007509887752,0.939,0.9389902360944378
Random Forest,0.984,0.9840069777863132,0.984,0.9839995519121749
MLP (Dense),0.965,0.9650057614749376,0.965,0.9649990198078824
CNN,0.964,0.9640507202028807,0.964,0.9640012600617431
LSTM,0.9125,0.9130271281346514,0.9125,0.9124505821540488
Transformer,0.494,0.244036,0.494,0.32668808567603747
